city,lat,lon,category,name,source
Cotonou,6.3477453,2.4034131,hotel,Arcada Marina,OSM
Cotonou,6.3496093,2.3865502,atm,Ecobank,OSM
Cotonou,6.3568711,2.404173,hotel,Chant d'oiseau,OSM
Cotonou,6.3584067,2.4315012,pharmacy,Pharmacie Jonquet,OSM
Cotonou,6.3595055,2.4196446,restaurant,Costa Rica,OSM
Cotonou,6.359374,2.419832,atm,Bank of Africa,OSM
Cotonou,6.3712804,2.4119822,restaurant,Chez Ornella,OSM
Cotonou,6.3595945,2.420098,atm,Ecobank,OSM
Cotonou,6.3608751,2.4136701,school,EPP Saint Jean I,OSM
Cotonou,6.3611731,2.4150454,driving_school,Le Junior,OSM
Cotonou,6.3618625,2.4150801,driving_school,Auto école AS-SALLAM,OSM
Cotonou,6.3605048,2.4154696,restaurant,Bar Restaurant Attieke,OSM
Cotonou,6.3569322,2.3996475,restaurant,Restaurant Hai King,OSM
Cotonou,6.3781996,2.3902366,pharmacy,Pharmacie Marché Vedoko,OSM
Cotonou,6.3589357,2.4365802,hotel,Hôtel Vickinfel,OSM
Cotonou,6.3533983,2.3883454,restaurant,Le Macumba,OSM
Cotonou,6.3869186,2.3854563,school,Ecolle maternelle les bourgillons,OSM
Cotonou,6.3850208,2.3832363,restaurant,Restaurant viande de porc Le projet,OSM
Cotonou,6.3847451,2.3830465,school,Ecole primaire privée la Fraternité,OSM
Cotonou,6.3851039,2.3869449,school,École primaire privée,OSM
Cotonou,6.3846252,2.3817853,hotel,Hôtel Peace and Love,OSM
Cotonou,6.383941,2.3824323,hotel,Hôtel chez Clarisse,OSM
Cotonou,6.3537235,2.3884971,hotel,Hôtel Best western plus,OSM
Cotonou,6.3799358,2.3825173,hotel,Hôtel Calos,OSM
Cotonou,6.3552315,2.4369115,restaurant,La Gerbe d'Or,OSM
Cotonou,6.3591093,2.4450372,hotel,Hôtel du lac,OSM
Cotonou,6.3569121,2.4008066,pharmacy,Pharmacie,OSM
Cotonou,6.3733765,2.4472293,school,Centre d'Etude et de Documentation,OSM
Cotonou,6.3575087,2.4638263,hotel,El Dorado Beach Club,OSM
Cotonou,6.3885506,2.373739,hotel,Résidence Jeanne d'Arc,OSM
Cotonou,6.3838508,2.3768588,hotel,Pantagruel,OSM
Cotonou,6.3561527,2.418456,pharmacy,Pharmacie Camp Guezo,OSM
Cotonou,6.3817438,2.3795598,pharmacy,Pharmacie de l’amitie,OSM
Cotonou,6.3589863,2.4363023,pharmacy,pharmacie Vogue,OSM
Cotonou,6.366164,2.4206788,pharmacy,Pharmacie Adéchina,OSM
Cotonou,6.3617048,2.4344736,pharmacy,pharmacie atinkanmey,OSM
Cotonou,6.3664602,2.42935,pharmacy,pharmacie saint michel,OSM
Cotonou,6.3674063,2.4241742,pharmacy,pharmacie forum santé,OSM
Cotonou,6.368684,2.4288576,pharmacy,Pharmacie Sainte Cecile,OSM
Cotonou,6.359654,2.4258528,pharmacy,Zongo,OSM
Cotonou,6.3875949,2.3687693,pharmacy,Nouvelle Pharmacie Mènontin,OSM
Cotonou,6.386889,2.3846739,pharmacy,pharmacie renouveau,OSM
Cotonou,6.3921655,2.3828379,pharmacy,pharmacie Zogbohoue,OSM
Cotonou,6.3920263,2.3648379,pharmacy,Pharmacie Kindonou,OSM
Cotonou,6.3883621,2.3746531,pharmacy,Pharmacie Sainte Famile,OSM
Cotonou,6.3900911,2.3879721,pharmacy,pharmacie Zogbo,OSM
Cotonou,6.3908238,2.3934549,pharmacy,pharmacie le tamaya,OSM
Cotonou,6.3908344,2.3977869,pharmacy,Pharmacie Palace Plus,OSM
Cotonou,6.3705625,2.4166009,pharmacy,Pharmacie Marina,OSM
Cotonou,6.3923411,2.369934,school,CEG,OSM
Cotonou,6.3848856,2.3783176,restaurant,Restaurant,OSM
Cotonou,6.3546133,2.4395118,restaurant,Lounge Bar PREMIUM,OSM
Cotonou,6.354299,2.4390147,restaurant,GRAND MONDE,OSM
Cotonou,6.3542657,2.4393617,restaurant,MAMAN ANGELO,OSM
Cotonou,6.3720794,2.442654,pharmacy,Pharmacie Saint Raphaël,OSM
Cotonou,6.3566952,2.3951626,restaurant,Carré soleil,OSM
Cotonou,6.3566574,2.3968894,restaurant,Cordon bleu,OSM
Cotonou,6.356758,2.3936201,restaurant,Domino,OSM
Cotonou,6.3558074,2.3928528,school,Ecole Les cocotiers,OSM
Cotonou,6.3565823,2.3970724,restaurant,Le Lambi's,OSM
Cotonou,6.3566008,2.3960352,restaurant,Le Marrakech,OSM
Cotonou,6.3565776,2.3976046,restaurant,Le Resto,OSM
Cotonou,6.3566525,2.3930514,restaurant,Royal Garden,OSM
Cotonou,6.3570837,2.3926781,restaurant,le Carré,OSM
Cotonou,6.3920898,2.3642201,hotel,ZC HOTEL,OSM
Cotonou,6.37721,2.4148976,school,CEG Sainte Rita,OSM
Cotonou,6.3677333,2.3952441,school,school_unnamed,OSM
Cotonou,6.3611624,2.3976738,pharmacy,Pharmacie Cadjehoun,OSM
Cotonou,6.3851999,2.3740547,pharmacy,Pharmacie Oladjouan,OSM
Cotonou,6.3784562,2.4083865,hotel,La Résidence de l'Étoile,OSM
Cotonou,6.3570771,2.3994541,restaurant,Karim 24,OSM
Cotonou,6.3774115,2.4417953,pharmacy,Pharmacie Midombo,OSM
Cotonou,6.3523313,2.4382761,restaurant,Maquis Le Moringa,OSM
Cotonou,6.3776271,2.4113361,pharmacy,Pharmacie L'Éternité,OSM
Cotonou,6.3770007,2.4487,pharmacy,Pharmacie Adetona,OSM
Cotonou,6.3525143,2.4379155,restaurant,Maquis Chez Léa,OSM
Cotonou,6.3558274,2.437356,restaurant,Dody's,OSM
Cotonou,6.3710762,2.4161379,atm,Bank of Africa,OSM
Cotonou,6.355879,2.4175736,restaurant,Jet Set,OSM
Cotonou,6.3574935,2.4258699,pharmacy,Pharmacie de la Mosquée Centrale,OSM
Cotonou,6.3572593,2.4360977,hotel,Acropole,OSM
Cotonou,6.3757063,2.4051944,pharmacy,Pharmacie Agontinkon,OSM
Cotonou,6.3770598,2.3935233,driving_school,Auto-École Pacifique,OSM
Cotonou,6.3889561,2.3573526,pharmacy,Medipharm,OSM
Cotonou,6.3853571,2.3818893,atm,Ecobank,OSM
Cotonou,6.3866273,2.3744992,hotel,Casta Hotel,OSM
Cotonou,6.3850399,2.3813814,restaurant,Le 229,OSM
Cotonou,6.3540136,2.4364317,hotel,Myosotis,OSM
Cotonou,6.3809501,2.3726607,pharmacy,Les Pylônes,OSM
Cotonou,6.356927,2.4295213,restaurant,CHARLY 2001,OSM
Cotonou,6.3565709,2.4286656,pharmacy,Les Cheminots,OSM
Cotonou,6.391329,2.3591585,school,Complexe scolaire la Paloma,OSM
Cotonou,6.3694197,2.4428678,restaurant,MAQUIS SILOE,OSM
Cotonou,6.3639837,2.3999588,school,ECOLE SUPÉRIEURE DES TECHNOLOGIES AVACEES ET DE MANAGEMENT,OSM
Cotonou,6.3633084,2.3997143,restaurant,Maquis Chez Georgia,OSM
Cotonou,6.3850397,2.381121,restaurant,CHEZ ZEUKEL & FILS,OSM
Cotonou,6.3676537,2.4548273,pharmacy,Pharmacie Le remède Sodjeatime,OSM
Cotonou,6.3690873,2.4153944,pharmacy,Pharmacie Alafia,OSM
Cotonou,6.3566599,2.4373026,school,Complexe scolaire catholique Père Planque,OSM
Cotonou,6.3671524,2.4135176,school,Collège La Flèche,OSM
Cotonou,6.3844585,2.379748,restaurant,Restaurant TONASSE,OSM
Cotonou,6.3625655,2.4136825,pharmacy,Pharmacie du Rond-Point,OSM
Cotonou,6.3524855,2.3911002,hotel,HOYEL LE PAQUEBOT,OSM
Cotonou,6.3901315,2.3732312,restaurant,Maquis Bar Chez Oly,OSM
Cotonou,6.3676423,2.4872196,school,Wonderful American International School of Benin,OSM
Cotonou,6.3550509,2.4367268,pharmacy,Pharmacie Ganhi,OSM
Cotonou,6.3923272,2.3642038,restaurant,9232,OSM
Cotonou,6.3722636,2.409172,restaurant,Chez Adé,OSM
Cotonou,6.3898819,2.3721156,restaurant,Bar Bel air,OSM
Cotonou,6.3925582,2.3623566,restaurant,Cesserole du sherif,OSM
Cotonou,6.3925867,2.3619821,driving_school,Auto école Gama,OSM
Cotonou,6.3893807,2.3725707,driving_school,Auto-Ecole Le Progrès,OSM
Cotonou,6.3695053,2.4303446,pharmacy,Pharmacie des 4 therapies,OSM
Cotonou,6.3793929,2.4626353,school,CEG SURU LERE,OSM
Cotonou,6.3794808,2.4637511,school,CSU Espoir 2000,OSM
Cotonou,6.3778135,2.4632254,school,Ecole Primaire Publique Suru Léré,OSM
Cotonou,6.377651,2.4625521,school,Ecole Primaire Publique Sènadé,OSM
Cotonou,6.379946,2.4637149,school,St Emmanuel,OSM
Cotonou,6.3827236,2.4625012,school,Ecole Primaire Publique kowegbo,OSM
Cotonou,6.3725933,2.4643058,pharmacy,Pharmacie St martin,OSM
Cotonou,6.3772484,2.456819,pharmacy,Pharmacie Sènadé,OSM
Cotonou,6.3811714,2.4412072,restaurant,Soft Bar Resto,OSM
Cotonou,6.3704035,2.4209817,pharmacy,Le Conseil,OSM
Cotonou,6.392192,2.3666077,driving_school,Auto-École Universelle,OSM
Cotonou,6.3567686,2.3941995,restaurant,Livingstone,OSM
Cotonou,6.356143,2.3617439,school,school_unnamed,OSM
Cotonou,6.3480301,2.401208,hotel,Novotel Cotonou Orisha,OSM
Cotonou,6.3723429,2.4397307,school,Ecole Primaire de Midombo A et B,OSM
Cotonou,6.3842004,2.4222212,school,Complexe Scolaire Gbeffa,OSM
Cotonou,6.3842611,2.4251211,school,Brain Builders International School,OSM
Cotonou,6.3859949,2.4242148,school,Collège catholique Sainte Cécile,OSM
Cotonou,6.3691206,2.4471815,school,CEG AKPAKPA CENTRE,OSM
Cotonou,6.3706903,2.4467486,hotel,HOTEL GL,OSM
Cotonou,6.3722857,2.4525945,pharmacy,Pharmacie Ciné Concorde,OSM
Cotonou,6.3742011,2.4598795,school,EPP AMAKENE ESPERANCE,OSM
Cotonou,6.3743274,2.4618236,restaurant,ARIYAA CAFETARIAT,OSM
Cotonou,6.3685266,2.4842635,pharmacy,Pharmacie de l'Abattoir,OSM
Cotonou,6.3685138,2.4837007,atm,UBA,OSM
Cotonou,6.3682592,2.447157,restaurant,Maquis YAO,OSM
Cotonou,6.3667018,2.4552305,pharmacy,Pharmacie la Béninoise,OSM
Cotonou,6.3616908,2.4076797,school,Collège Saint-Roger,OSM
Cotonou,6.3794789,2.4645571,hotel,HOTEL KOB,OSM
Cotonou,6.3791243,2.4690211,school,school_unnamed,OSM
Cotonou,6.3871133,2.3726643,school,Complexe scolaire,OSM
Cotonou,6.3768919,2.449453,school,CS Notre Dame de Toutes Graces,OSM
Cotonou,6.3782327,2.4482218,school,CSP Bon Berger,OSM
Cotonou,6.3766107,2.4479885,school,CSP Lucie Verone,OSM
Cotonou,6.3747461,2.4497829,school,CSP St Laurent,OSM
Cotonou,6.374271,2.4466923,pharmacy,Pharmacie Sacré Coeur,OSM
Cotonou,6.3812302,2.4467801,pharmacy,Pharmacie Segbeya,OSM
Cotonou,6.3735219,2.446129,school,school_unnamed,OSM
Cotonou,6.3622629,2.427767,hotel,Hôtel MelJomar,OSM
Cotonou,6.3617871,2.4272282,school,École Libanaise-Cotonou,OSM
Cotonou,6.3814708,2.4552351,hotel,Hotel Phénix,OSM
Cotonou,6.3637992,2.4206761,hotel,BENIN ROYAL HOTEL,OSM
Cotonou,6.3581716,2.3992587,hotel,Hôtel Méditerrané,OSM
Cotonou,6.3603897,2.4218641,pharmacy,Pharmacie Saint-Jean,OSM
Cotonou,6.3653988,2.4341699,pharmacy,Pharmacie Saint-Joseph,OSM
Cotonou,6.3832915,2.4041904,restaurant,Le Lagon,OSM
Cotonou,6.3791604,2.42009,restaurant,Restaurant ''Jadore'',OSM
Cotonou,6.3827741,2.4173863,school,Collège de la paix,OSM
Cotonou,6.3785779,2.4205092,pharmacy,Pharmacie Nouvelle,OSM
Cotonou,6.3927064,2.3607444,pharmacy,Sainteté à l'Éternel,OSM
Cotonou,6.3921794,2.3641845,restaurant,MAFAMI,OSM
Cotonou,6.376526,2.479516,pharmacy,Pharmacie saint urbain,OSM
Cotonou,6.3706515,2.4786438,pharmacy,Pharmacie Dégakon,OSM
Cotonou,6.3693986,2.4779554,school,Complexe scolaire stella Matutina,OSM
Cotonou,6.3692902,2.4127004,restaurant,Saveurs du Bénin,OSM
Cotonou,6.364283,2.4245608,school,Institut universitaire les cours sonou,OSM
Cotonou,6.3542179,2.396815,school,"Institut Régional du Génie Industriel, des Biotechnologies et Sciences Appliquées",OSM
Cotonou,6.3572955,2.3982353,school,Université Catholique de l'Afrique de l'Ouest,OSM
Cotonou,6.3559433,2.4028928,hotel,hôtel de l'Entente,OSM
Cotonou,6.3739488,2.424243,pharmacy,Espace beauté,OSM
Cotonou,6.362256,2.4370297,pharmacy,Pharmacie Principale,OSM
Cotonou,6.362595,2.4296009,restaurant,Maquis chez maman Pacôme,OSM
Cotonou,6.3739044,2.4248098,pharmacy,Le Nokoué,OSM
Cotonou,6.3642779,2.4088826,atm,United Bank for Africa,OSM
Cotonou,6.3640079,2.4093206,school,Collège Châteaubriand,OSM
Cotonou,6.3527017,2.4377406,restaurant,Chez GUIGOZ,OSM
Cotonou,6.3561275,2.4399689,restaurant,Fast food CURTIS,OSM
Cotonou,6.3512366,2.4319818,restaurant,Gran Canaria,OSM
Cotonou,6.354644,2.4368749,restaurant,La Costa,OSM
Cotonou,6.3514355,2.4335155,restaurant,Laurencia,OSM
Cotonou,6.3568032,2.441145,hotel,Le Berlin,OSM
Cotonou,6.3569831,2.441137,restaurant,Le Berlin,OSM
Cotonou,6.3549878,2.4387338,restaurant,Le Centre,OSM
Cotonou,6.3566066,2.4393238,restaurant,Le Privé,OSM
Cotonou,6.3537736,2.4355942,restaurant,Le Terroir,OSM
Cotonou,6.3539282,2.4394083,restaurant,Les 3 Mousquetaires,OSM
Cotonou,6.3524474,2.4370896,restaurant,Maman Poste,OSM
Cotonou,6.3533215,2.4380716,restaurant,Maquis Aux Parfums des Epices,OSM
Cotonou,6.3557515,2.4398134,restaurant,Maquis Chez AMY,OSM
Cotonou,6.3518393,2.4375667,restaurant,Maquis Chiken House,OSM
Cotonou,6.3539016,2.4388397,restaurant,Maquis Marie,OSM
Cotonou,6.3514888,2.4334502,restaurant,Maquis du Port,OSM
Cotonou,6.3575762,2.4398871,restaurant,Mc Bouffe,OSM
Cotonou,6.3545243,2.4360897,restaurant,O’Grill,OSM
Cotonou,6.3559889,2.4372411,restaurant,Pizzeria Pizza&Pasta,OSM
Cotonou,6.3544561,2.4366268,restaurant,louange Bar Le Mijoto,OSM
Cotonou,6.3528482,2.4375379,restaurant,maquis Baha Cabana,OSM
Cotonou,6.3514831,2.4333226,restaurant,Alegria,OSM
Cotonou,6.3514564,2.4331174,restaurant,Chez Diallo,OSM
Cotonou,6.351411,2.4329955,restaurant,Chez Guigoz,OSM
Cotonou,6.3524121,2.4344344,restaurant,Restaurant,OSM
Cotonou,6.3526161,2.4350983,restaurant,Restaurant,OSM
Cotonou,6.3533193,2.3999092,atm,Ecobank,OSM
Cotonou,6.3833097,2.4251266,pharmacy,Pharmacie Aïdjèdo,OSM
Cotonou,6.369767,2.4121136,pharmacy,Pharmacie de l’étoille,OSM
Cotonou,6.3569827,2.365107,pharmacy,Pharmacie Oceane,OSM
Cotonou,6.3612094,2.3793566,restaurant,Restau Fidjrosse,OSM
Cotonou,6.3608011,2.4373679,hotel,Riveira Benin,OSM
Cotonou,6.3596681,2.4374349,hotel,Mobydick,OSM
Cotonou,6.3594016,2.4370607,hotel,Hotel Grillon,OSM
Cotonou,6.359207,2.4368006,restaurant,Zatawi,OSM
Cotonou,6.3583979,2.4371124,restaurant,Bon Appetit,OSM
Cotonou,6.3596335,2.4383422,hotel,Le Prince,OSM
Cotonou,6.3597115,2.4384454,restaurant,Caramel,OSM
Cotonou,6.3620333,2.4349601,hotel,Residence Ilewa,OSM
Cotonou,6.3609816,2.435007,hotel,Vertigo,OSM
Cotonou,6.3643522,2.4323023,restaurant,Bombay Tandoor,OSM
Cotonou,6.3638924,2.4326939,hotel,Magic Life,OSM
Cotonou,6.358593,2.4364315,pharmacy,Pharmacie Vogue,OSM
Cotonou,6.366712,2.429727,restaurant,Haikuo tiankong,OSM
Cotonou,6.3646068,2.4297807,restaurant,Maquis Dose dit Diallo,OSM
Cotonou,6.3644429,2.4299094,driving_school,Moderne,OSM
Cotonou,6.3639977,2.4298249,restaurant,Maquis Chez Angele,OSM
Cotonou,6.3641976,2.4300865,restaurant,Maquis Bar Chez tata vivi,OSM
Cotonou,6.3644009,2.4315838,restaurant,Maquis Bar Djembè,OSM
Cotonou,6.3632933,2.4311654,restaurant,Chez Papou,OSM
Cotonou,6.3638645,2.4322651,driving_school,Benin Conduite,OSM
Cotonou,6.3625196,2.4320217,hotel,Sénator,OSM
Cotonou,6.3628342,2.4311895,school,school_unnamed,OSM
Cotonou,6.3599259,2.433004,restaurant,Belle Grillades,OSM
Cotonou,6.3606217,2.4341158,restaurant,Ste louisienne Chez Aida,OSM
Cotonou,6.3802702,2.4393172,hotel,Peace Hôtel,OSM
Cotonou,6.3779061,2.3795707,hotel,QUALIMAX HOTEL,OSM
Cotonou,6.3777289,2.3790168,hotel,QUALIMAX Hôtel - Salle de fête et conférence,OSM
Cotonou,6.35871,2.4279131,restaurant,Boss Stop,OSM
Cotonou,6.3591985,2.4286638,pharmacy,Mahuena,OSM
Cotonou,6.3589976,2.4276076,school,École Maternelle Publique Gbéto Cotonou Lagune,OSM
Cotonou,6.3567557,2.4378603,restaurant,pizzeria chez dody,OSM
Cotonou,6.3552865,2.4173495,restaurant,Ci gusta !,OSM
Cotonou,6.3670433,2.4359976,school,Ecole primaire publique nouveau pont,OSM
Cotonou,6.3553373,2.3934755,restaurant,La bouffe du roi,OSM
Cotonou,6.3541409,2.3988459,restaurant,Shamiana,OSM
Cotonou,6.353706,2.3883681,hotel,Best Western Plus,OSM
Cotonou,6.354275,2.3991824,restaurant,Ruski Dom,OSM
Cotonou,6.353733,2.398878,restaurant,Le trésor,OSM
Cotonou,6.3773395,2.3822363,restaurant,Maquis bar le cheval blanc,OSM
Cotonou,6.3632749,2.4121567,restaurant,restaurant_unnamed,OSM
Cotonou,6.3636613,2.4118992,school,Centre de formation professionnelle des enseignants de la maternelle et du primaire,OSM
Cotonou,6.3769857,2.422346,restaurant,La Congolaise,OSM
Cotonou,6.3658935,2.4830649,school,Complexe Scolaire Privée BEL AVENIR,OSM
Cotonou,6.3619469,2.4824264,hotel,Hotel Paloma,OSM
Cotonou,6.3568898,2.4004427,restaurant,Luvulu,OSM
Cotonou,6.3553208,2.4046083,hotel,Résidence Iléfiè,OSM
Cotonou,6.367613,2.4054176,hotel,Petit Père,OSM
Cotonou,6.3628469,2.402929,hotel,Le Flamboyant Résidence,OSM
Cotonou,6.3645771,2.4023234,pharmacy,Ste Philomène,OSM
Cotonou,6.3571701,2.3928254,restaurant,Régal Végétarien,OSM
Cotonou,6.3596035,2.3930633,restaurant,Queen Kong,OSM
Cotonou,6.3567566,2.4300979,hotel,Hôtel Nicolif,OSM
Cotonou,6.3716728,2.4338282,pharmacy,Nouvelle pharmacie Dantokpa,OSM
Cotonou,6.3540436,2.4174195,restaurant,Bangkok Terrasse,OSM
Cotonou,6.3759855,2.3611734,school,École Primaire Publique Agongbomey,OSM
Cotonou,6.3801798,2.3639219,pharmacy,Pharmacie St Étienne d'Agla,OSM
Cotonou,6.3597596,2.398826,restaurant,Le Noir,OSM
Cotonou,6.3602205,2.3985804,restaurant,Dody's,OSM
Cotonou,6.3844965,2.3737763,restaurant,Chez Angeo Attieke poisson braisée,OSM
Cotonou,6.3498053,2.3655613,restaurant,Resto plage,OSM
Cotonou,6.3604172,2.3769126,hotel,Hotel Akwaba,OSM
Cotonou,6.3857213,2.3834148,restaurant,Restaurant Sublime,OSM
Cotonou,6.3550506,2.4209558,restaurant,Le Forum,OSM
Cotonou,6.364639,2.4299428,school,school_unnamed,OSM
Cotonou,6.3561679,2.4155894,restaurant,Bar-restau « Les copains d’abord »,OSM
Cotonou,6.3931238,2.3635378,school,École Primaire Privee Mixte Vizalode,OSM
Cotonou,6.3656864,2.4269321,school,Complexe Scolaires Saint Augustin,OSM
Cotonou,6.3693008,2.4204969,restaurant,Chez Bandera,OSM
Cotonou,6.3560335,2.41454,pharmacy,Pediatrie HIA,OSM
Cotonou,6.3553811,2.4146914,pharmacy,Pharmacie,OSM
Cotonou,6.3514761,2.4210681,atm,Ecobank,OSM
Cotonou,6.3665553,2.4006434,school,Complexe scolaire ABOUBAKAR,OSM
Cotonou,6.3597706,2.4225319,restaurant,Maquis Pili-Pili,OSM
Cotonou,6.3528132,2.4374312,restaurant,l'imprévu,OSM
Cotonou,6.3577974,2.371378,restaurant,Chez Kadi,OSM
Cotonou,6.3620095,2.3753281,hotel,Residence Hotel Ife et Ola,OSM
Cotonou,6.3770123,2.4066048,hotel,Capricorne,OSM
Cotonou,6.3571687,2.4349168,hotel,Chevalier,OSM
Cotonou,6.390683,2.4322235,school,École Primaire Communautaire Espoir pour un Enfant,OSM
Cotonou,6.3751211,2.3668843,school,Ecole Primaire Plublique Agla Sud,OSM
Cotonou,6.3742441,2.4217374,hotel,hotel_unnamed,OSM
Cotonou,6.3745694,2.3915312,restaurant,Loving Hut,OSM
Cotonou,6.3739318,2.4216343,hotel,hotel_unnamed,OSM
Cotonou,6.3769877,2.3952301,restaurant,Vegetalien Peace Food,OSM
Cotonou,6.3670428,2.420072,pharmacy,Para Pharmacie Adechina,OSM
Cotonou,6.3674883,2.4290317,restaurant,Les Grillades d'Ayinkè,OSM
Cotonou,6.3905948,2.4291618,school,École Maternelle Privée Espace Éveil,OSM
Cotonou,6.3887203,2.4321187,restaurant,"Cafeteriat ""Chez Jérôme""",OSM
Cotonou,6.3924713,2.4282795,school,Centre Prescolaire des Soeurs Salesiennes de don Bosco,OSM
Cotonou,6.3624634,2.4227196,restaurant,Chez Maman Benin,OSM
Cotonou,6.3541097,2.4208976,restaurant,La Residence,OSM
Cotonou,6.3892494,2.4306314,school,CS le Chandelier du Jardin Emergent,OSM
Cotonou,6.3565477,2.4341613,restaurant,Acropole,OSM
Cotonou,6.356793,2.3910518,restaurant,Le Teranga,OSM
Cotonou,6.3567946,2.3917404,restaurant,Tandoori Nights,OSM
Cotonou,6.3566891,2.3926978,restaurant,La Plancha,OSM
Cotonou,6.3814077,2.4406244,hotel,Hôtel Affah,OSM
Cotonou,6.3829063,2.4172274,pharmacy,pharmacy_unnamed,OSM
Cotonou,6.3630537,2.3995215,hotel,Home Résidence Hôtel,OSM
Cotonou,6.3894879,2.3811793,school,Csp Félix Houphouët-Boigny,OSM
Cotonou,6.3537228,2.3752012,school,Les Lauriers,OSM
Cotonou,6.3879967,2.3759101,pharmacy,Pharmacopée chinoise,OSM
Cotonou,6.3881187,2.3762065,driving_school,Auto-Ecole Le rookey,OSM
Cotonou,6.3875872,2.3742911,restaurant,Bar-restau le Classic,OSM
Cotonou,6.3721447,2.416103,school,Epp Binazon,OSM
Cotonou,6.3718864,2.4155939,school,Complexe scolaire Nord-Sud,OSM
Cotonou,6.3715125,2.4085582,school,Collège Pacôme YAMADJAKO,OSM
Cotonou,6.3729663,2.4085003,restaurant,Restaurant Chez Adé,OSM
Cotonou,6.3703433,2.4093867,hotel,Hôtel star heber,OSM
Cotonou,6.3779359,2.4176819,hotel,Hôtel SOSSA,OSM
Cotonou,6.3779453,2.4160568,school,ISEG,OSM
Cotonou,6.3781316,2.4141154,school,Complexe scolaire sikè-nord,OSM
Cotonou,6.3576837,2.3693605,school,CS bilingue Jules William,OSM
Cotonou,6.3649057,2.4229617,hotel,Benin Royal Hôtel,OSM
Cotonou,6.3577954,2.3717257,hotel,Hotel Sun Beach,OSM
Cotonou,6.3543693,2.4043167,restaurant,Pesto,OSM
Cotonou,6.3570326,2.3955385,school,school_unnamed,OSM
Cotonou,6.3659368,2.4166272,pharmacy,Pharmacie Amen,OSM
Cotonou,6.3475463,2.3908632,hotel,Hôtel Maison Rouge,OSM
Cotonou,6.3861653,2.4045443,pharmacy,Pharmacie Fifadji,OSM
Cotonou,6.3564829,2.4275943,school,Université Sunu,OSM
Cotonou,6.3518912,2.3946647,school,École Montaigne,OSM
Cotonou,6.3608786,2.3792548,pharmacy,Don de Dieu,OSM
Cotonou,6.3656311,2.4135524,hotel,Hôtel JC,OSM
Cotonou,6.380081,2.365182,restaurant,CCF,OSM
Cotonou,6.357372,2.4403864,atm,atm_unnamed,OSM
Cotonou,6.3605303,2.4444476,hotel,Serena Hotel,OSM
Cotonou,6.3607742,2.444667,pharmacy,pharmacy_unnamed,OSM
Cotonou,6.3713229,2.4279669,restaurant,Milles et une Bouillie,OSM
Cotonou,6.35651,2.3997536,atm,Ecobank ATM,OSM
Cotonou,6.377109,2.4015002,restaurant,Chez Maman Mélissa,OSM
Cotonou,6.3620294,2.3805632,hotel,Le Soleil,OSM
Cotonou,6.3646441,2.3849523,school,video leader,OSM
Cotonou,6.3806769,2.4313288,pharmacy,Pharmacie Femi,OSM
Cotonou,6.354058,2.3897925,hotel,Hôtel de l'Entente,OSM
Cotonou,6.3566757,2.3987385,atm,Société Générale,OSM
Cotonou,6.3510616,2.4251903,atm,Bank of Africa,OSM
Cotonou,6.3558175,2.3911887,music_school,Etrilabs formation,OSM
Cotonou,6.36036,2.3940603,school,EtriLabs,OSM
Cotonou,6.3681646,2.4231629,school,Groupe Scolaire La Source,OSM
Cotonou,6.3756403,2.357557,pharmacy,Pharmacie Safari,OSM
Cotonou,6.3686477,2.4032719,pharmacy,Phamarcie Ste Foi,OSM
Cotonou,6.3880793,2.4260415,school,La Gloire de Dieu,OSM
Cotonou,6.375822,2.3565754,restaurant,Chez Fernanb,OSM
Cotonou,6.3743102,2.3576858,driving_school,Chritobal,OSM
Cotonou,6.3717787,2.3569166,pharmacy,Luli Luli,OSM
Cotonou,6.3819842,2.463667,pharmacy,Pharmacie HOUNCHEDE,OSM
Cotonou,6.367786,2.4261693,hotel,Hôtel Petit Babo,OSM
Cotonou,6.3507167,2.3621417,hotel,Residences Céline Hôtel,OSM
Cotonou,6.36749,2.4947933,restaurant,Times,OSM
Cotonou,6.3910087,2.3912541,restaurant,La Bouffe du Roi,OSM
Cotonou,6.3518259,2.4358052,hotel,Azalaï Hôtel de la Plage,OSM
Cotonou,6.3544889,2.4168393,restaurant,Chez Clarisse,OSM
Cotonou,6.3541984,2.4173194,hotel,Le Zénith Hôtel,OSM
Cotonou,6.3492081,2.4015695,hotel,ibis Cotonou,OSM
Cotonou,6.3593299,2.4460043,hotel,Hôtel du Lac - Villa,OSM
Cotonou,6.3826817,2.4456633,restaurant,Chez Maman Tibo,OSM
Cotonou,6.3553686,2.4567854,hotel,Hôtel Tahiti,OSM
Cotonou,6.3847282,2.4028404,hospital,Saint Luc,OSM
Cotonou,6.3567717,2.3943096,hotel,Livinston,OSM
Cotonou,6.3888997,2.3754454,restaurant,BOBOSSO,OSM
Cotonou,6.3596192,2.3988136,restaurant,100 % PLAISIR,OSM
Cotonou,6.3566744,2.3928756,restaurant,Thai-Tanh II,OSM
Cotonou,6.3570172,2.397133,restaurant,Pura Vida,OSM
Cotonou,6.3538732,2.395847,restaurant,Mandarine,OSM
Cotonou,6.366241,2.424481,restaurant,Eidinimos,OSM
Cotonou,6.3651734,2.4231929,restaurant,chez maman Bignon,OSM
Cotonou,6.3744689,2.4112522,hotel,Hôtel KTA,OSM
Cotonou,6.3777975,2.4108333,hotel,Espace Ifedu,OSM
Cotonou,6.3774718,2.4746653,restaurant,Story lounge bar - restarant,OSM
Cotonou,6.3654875,2.4145259,school,École maternelle publique st Jean Cotonou,OSM
Cotonou,6.3650466,2.4279914,restaurant,Lion Indomptable,OSM
Cotonou,6.3878316,2.4436284,school,Complexe scolaire Bouba,OSM
Cotonou,6.3585206,2.4289428,hotel,Résidence Mosaly,OSM
Cotonou,6.385505,2.4049221,restaurant,MOYO LIO,OSM
Cotonou,6.3677172,2.4184705,restaurant,Planète Plus,OSM
Cotonou,6.3802937,2.4467346,hotel,Dembe Apart Hôtel,OSM
Cotonou,6.3614011,2.3738926,restaurant,Festival des Glaces,OSM
Cotonou,6.369055,2.4068833,restaurant,ETS Vikaya,OSM
Cotonou,6.3769719,2.3956606,restaurant,Restaurant le Lapin,OSM
Cotonou,6.377585,2.3944844,restaurant,Alba Résidence,OSM
Cotonou,6.363175,2.4215614,school,Complexe Scolaire Calin'Ours,OSM
Cotonou,6.3816735,2.410955,restaurant,Attiekèdrome,OSM
Cotonou,6.3797918,2.3984946,hotel,Hôtel à vedoko,OSM
Cotonou,6.3849252,2.4160283,school,École la RÉFÉRENCE,OSM
Cotonou,6.3725763,2.412968,restaurant,restaurant ivoirien,OSM
Cotonou,6.3647657,2.4283105,restaurant,Sénégalais Tchep,OSM
Cotonou,6.3698869,2.4200082,restaurant,Restaurant Sénégalais,OSM
Cotonou,6.3490205,2.4032908,hotel,Golden Tulip,OSM
Cotonou,6.367373,2.4214899,hotel,Hôtel de France,OSM
Cotonou,6.3514326,2.4336265,restaurant,Maquis du PORT,OSM
Cotonou,6.3660027,2.4435204,restaurant,Maquis Le Kedjenou,OSM
Cotonou,6.363058,2.4108364,restaurant,Restaurant Chez Dé Dé,OSM
Cotonou,6.3764134,2.4510108,restaurant,Chez YOVO Chercheur,OSM
Cotonou,6.3618285,2.4031496,restaurant,Saveur Royale,OSM
Cotonou,6.3625664,2.4774291,hotel,Hôtel Elim,OSM
Cotonou,6.3609703,2.3970021,restaurant,Restaurant Chez Maman José,OSM
Cotonou,6.3920659,2.364839,pharmacy,pharmarcie kindonnou,OSM
Cotonou,6.3597442,2.43551,hotel,New Rivoli Hôtel Bénin,OSM
Cotonou,6.36613,2.475729,pharmacy,Pharmaquick,OSM
Cotonou,6.353146,2.3647488,restaurant,Villa Kaya,OSM
Cotonou,6.3535166,2.3908688,restaurant,COSY POOL,OSM
Cotonou,6.3896045,2.3812714,school,Complexe scolaire Félix Houphët Boigny (Maternel et primaire),OSM
Cotonou,6.3885967,2.3827078,school,Complexe scolaire Baptiste sois un model,OSM
Cotonou,6.3872847,2.382608,restaurant,Bar Restaurant Oasis des délices,OSM
Cotonou,6.3929882,2.3778286,restaurant,Chez nangan,OSM
Cotonou,6.3869133,2.3819933,school,Complexe scolaire Félix Houphët Boigny (Primaire et secondaire),OSM
Cotonou,6.3881138,2.3794789,school,IMA : Institut de Multimédia Appliqué,OSM
Cotonou,6.3884388,2.3800907,school,Complexe Scolaire Catholique PADRE PIO,OSM
Cotonou,6.3900824,2.3790512,school,École maternelle primaire LA Ronde,OSM
Cotonou,6.3893073,2.3857104,school,Complexe Scolaire Henri Ahoyo,OSM
Cotonou,6.3902684,2.3857847,hospital,CABINET DE SOIN EX CRASIB ONG D,OSM
Cotonou,6.3898168,2.3870696,restaurant,Dimension Locale,OSM
Cotonou,6.3906159,2.3851954,hospital,Clinique Sainte Gerarda,OSM
Cotonou,6.3899411,2.3786907,restaurant,Bar restaurant chez Dinos,OSM
Cotonou,6.3907196,2.3778523,school,Complexe scolaire universitaire clé de la réussite,OSM
Cotonou,6.3910228,2.3785571,school,École maternelle et primaire Émilie de Villeneuve,OSM
Cotonou,6.3900484,2.379747,school,GRACE VINE School,OSM
Cotonou,6.3765312,2.4497127,restaurant,MALIBOU II (Ignames pilés),OSM
Cotonou,6.3636442,2.4100061,restaurant,AKWAABA,OSM
Cotonou,6.3574387,2.3690829,restaurant,Moonlight Rooftop,OSM
Cotonou,6.3622122,2.3969896,restaurant,Le Qube,OSM
Cotonou,6.3668659,2.4139144,restaurant,restaurant_unnamed,OSM
Cotonou,6.3817387,2.4112905,restaurant,restaurant_unnamed,OSM
Cotonou,6.3540862,2.3701809,restaurant,Chez Nous,OSM
Cotonou,6.3602688,2.453949,restaurant,Le KIDOU,OSM
Cotonou,6.3698114,2.4149735,restaurant,Cuisine du chef,OSM
Cotonou,6.3730636,2.4050902,hotel,Très jolie,OSM
Cotonou,6.3713697,2.3602526,hotel,Résidence Ivoire,OSM
Cotonou,6.3580837,2.4357489,school,Ecole urbaine centre,OSM
Cotonou,6.3593758,2.432409,hotel,Golden BED,OSM
Cotonou,6.3610769,2.3976704,hotel,Hôtel les Horizons,OSM
Cotonou,6.3890699,2.4454373,school,Complexe Scolaire Ciracide,OSM
Cotonou,6.354562,2.3650693,restaurant,Le Merlin,OSM
Cotonou,6.3548817,2.4189825,hotel,hotel_unnamed,OSM
Cotonou,6.3545445,2.4232164,hotel,hotel_unnamed,OSM
Cotonou,6.3797729,2.3790046,restaurant,KP foods,OSM
Cotonou,6.3608466,2.4132921,restaurant,Chez Maman Aimée,OSM
Cotonou,6.3721829,2.4788198,pharmacy,Siloé Dégakon,OSM
Cotonou,6.351816,2.3616592,restaurant,Piment Rouge,OSM
Cotonou,6.356593,2.3919057,restaurant,Antika,OSM
Cotonou,6.3703232,2.4436332,restaurant,restaurant_unnamed,OSM
Cotonou,6.3626375,2.4251736,restaurant,Maquis chez Rach,OSM
Cotonou,6.3636651,2.4083193,pharmacy,Pharmacie de Gbegamey,OSM
Cotonou,6.3671418,2.412843,restaurant,Restaurant the Meet's story,OSM
Cotonou,6.3645568,2.4094106,restaurant,Mice Cream,OSM
Cotonou,6.3744132,2.4138776,restaurant,Chez Dagan,OSM
Cotonou,6.3679227,2.3899426,hospital,Maison Saint Jean de Dieu,OSM
Cotonou,6.3857986,2.3840374,restaurant,Chez Flora Food,OSM
Cotonou,6.3597396,2.4384774,restaurant,La Pirogue,OSM
Cotonou,6.3494625,2.3937134,hotel,Sofitel Cotonou Marina Hotel & Spa,OSM
Cotonou,6.3557352,2.4013583,restaurant,Restaurant viande de porc,OSM
Cotonou,6.3496126,2.3865425,atm,Bank of Africa,OSM
Cotonou,6.3779912,2.3843033,restaurant,Albertine food (Attieke),OSM
Cotonou,6.3515441,2.4201298,hotel,Hotel Tamarin,OSM
Cotonou,6.3577461,2.3668613,restaurant,Café Antoine,OSM
Cotonou,6.3578225,2.3702575,pharmacy,Pharmacie la Madone,OSM
Cotonou,6.3547035,2.3655728,restaurant,Le Resto,OSM
Cotonou,6.3687444,2.4012952,restaurant,Bomiwordrome,OSM
Cotonou,6.3801926,2.3838267,restaurant,Chez Maman Paterne,OSM
Cotonou,6.3821461,2.4030434,restaurant,LA GRACE DIVINE CHEZ SOEUR VEE,OSM
Cotonou,6.3724407,2.4493092,restaurant,AfroSnacks,OSM
Cotonou,6.3580548,2.3717463,restaurant,Le Saloon,OSM
Cotonou,6.3926015,2.3975749,restaurant,La Scène du Chef,OSM
Cotonou,6.3569013,2.4067847,hotel,CODIAM,OSM
Cotonou,6.3569835,2.4048402,school,Collège Catholique Père Aupiais,OSM
Cotonou,6.3589881,2.4168853,school,CEG de Gbegamey,OSM
Cotonou,6.3600007,2.4165177,school,Ecole Primaire Publique de Gbegamey,OSM
Cotonou,6.3522423,2.4127727,school,Institut Français du Bénin,OSM
Cotonou,6.3771717,2.4149525,school,school_unnamed,OSM
Cotonou,6.3901708,2.3985037,school,school_unnamed,OSM
Cotonou,6.3578672,2.4002818,school,school_unnamed,OSM
Cotonou,6.3917506,2.3615164,school,École Primaire Publique de Menontin,OSM
Cotonou,6.3776692,2.4718978,school,École primaire publique d'Avotrou,OSM
Cotonou,6.3738814,2.4618692,school,École primaire publique de N'vènamèdé,OSM
Cotonou,6.3568671,2.3940871,hotel,Livingstone,OSM
Cotonou,6.3556632,2.4144697,hospital,Hospitalisation,OSM
Cotonou,6.3558951,2.4150976,hospital,Hophtamologie,OSM
Cotonou,6.3556363,2.4149272,hospital,Cardiologie,OSM
Cotonou,6.3559068,2.4144911,hospital,ORL,OSM
Cotonou,6.3561039,2.4149646,hospital,Hôpital d'instructions des Armées,OSM
Cotonou,6.3615763,2.3998697,hospital,CRES IRM,OSM
Cotonou,6.3653723,2.4417024,hospital,hospital_unnamed,OSM
Cotonou,6.3526031,2.4374562,restaurant,L'imprévu,OSM
Cotonou,6.3681199,2.4506755,school,school_unnamed,OSM
Cotonou,6.3803233,2.4566689,school,school_unnamed,OSM
Cotonou,6.3900724,2.3652683,hospital,Hôpital de Menontin,OSM
Cotonou,6.3762628,2.3826874,school,École primaire publique d'Ahogbohoué,OSM
Cotonou,6.3779742,2.3796296,hotel,QUALIMAX,OSM
Cotonou,6.3664973,2.4132505,hotel,Hotel Saint-Jean,OSM
Cotonou,6.3675598,2.4777622,hospital,Hôpital Minonkpo (ProFam),OSM
Cotonou,6.3655519,2.4809437,school,École primaire publique de Finagnon,OSM
Cotonou,6.3631998,2.4855922,school,Collège d'Enseignement Général Le Littoral,OSM
Cotonou,6.3597883,2.3982066,hotel,Hôtel Bénin Horizon,OSM
Cotonou,6.3691147,2.4723461,school,Ecole Primaire Public de TANTO,OSM
Cotonou,6.3839644,2.4567277,school,Lycée Technique de Kpondehoun,OSM
Cotonou,6.3818625,2.3743029,school,school_unnamed,OSM
Cotonou,6.3680727,2.4232336,school,Groupe Scolaire La Source,OSM
Cotonou,6.3738489,2.4105424,school,Complexe scolère Baptiste,OSM
Cotonou,6.3819359,2.4629101,hospital,Hopital de Zone de Suru Lere,OSM
Cotonou,6.3781538,2.4499392,hospital,Hopital de Zone Ayélawadjè,OSM
Cotonou,6.3615883,2.4381975,hospital,Hôpital de l'enfant et de la mère lagune,OSM
Cotonou,6.3649666,2.4419652,hospital,Centre National Hospitalier et Universitaire de Pneumo-Phtisiologie de Cotonou Lazaret,OSM
Cotonou,6.379536,2.4146763,hospital,Hôpital BETHESDA,OSM
Cotonou,6.3799167,2.4152444,hospital,"Hôpital BETHESDA, Service d'Ophtalmologie",OSM
Cotonou,6.3709387,2.4473923,hospital,Hopital Misséssin,OSM
Cotonou,6.3794415,2.3947654,school,Ecole Béninoise pour les sourds,OSM
Cotonou,6.3799087,2.3960441,school,school_unnamed,OSM
Cotonou,6.3751639,2.3576188,hospital,Anastasia,OSM
Cotonou,6.3711455,2.3573372,school,school_unnamed,OSM
Cotonou,6.3600923,2.3685636,school,school_unnamed,OSM
Cotonou,6.387453,2.4579779,school,school_unnamed,OSM
Cotonou,6.3854351,2.4503562,school,school_unnamed,OSM
Cotonou,6.3854446,2.4514794,school,school_unnamed,OSM
Cotonou,6.3854764,2.4440952,school,school_unnamed,OSM
Cotonou,6.3761436,2.4413815,school,school_unnamed,OSM
Cotonou,6.3697133,2.4410456,school,school_unnamed,OSM
Cotonou,6.3630178,2.3808695,school,school_unnamed,OSM
Cotonou,6.3914639,2.3787024,school,"Complexe scolaire ""Emilie de Villeneuve""",OSM
Cotonou,6.3829615,2.3854689,school,Ecole primaire publique de Sètovi,OSM
Cotonou,6.3872324,2.3727063,school,school_unnamed,OSM
Cotonou,6.379991,2.4044338,school,school_unnamed,OSM
Cotonou,6.3616251,2.4054011,school,"Complexe scolaire Gbégamey-Nord, Groupe A - D",OSM
Cotonou,6.3516999,2.3962041,school,Nigerian International School,OSM
Cotonou,6.3520811,2.3948277,school,Établissement français d'enseignement Montaigne,OSM
Cotonou,6.3626534,2.4376922,school,Lycée technique Coulibaly,OSM
Cotonou,6.363477,2.4298785,school,"Complexe scolaire Gbéto sud - Groupe A, C, D",OSM
Cotonou,6.3861342,2.4334854,school,École primaire publique de Djidjè,OSM
Cotonou,6.3908149,2.4296663,school,École primaire publique de Ladji,OSM
Cotonou,6.3823238,2.4405151,school,school_unnamed,OSM
Cotonou,6.3924502,2.4481152,school,school_unnamed,OSM
Cotonou,6.3922756,2.4514103,school,school_unnamed,OSM
Cotonou,6.3911514,2.4613922,school,school_unnamed,OSM
Cotonou,6.3843496,2.4784603,school,school_unnamed,OSM
Cotonou,6.3718206,2.4773627,school,school_unnamed,OSM
Cotonou,6.3921183,2.390563,school,school_unnamed,OSM
Cotonou,6.3925049,2.399362,school,school_unnamed,OSM
Cotonou,6.3815827,2.366332,school,school_unnamed,OSM
Cotonou,6.3783033,2.3696766,school,school_unnamed,OSM
Cotonou,6.3750567,2.366863,school,school_unnamed,OSM
Cotonou,6.3765234,2.3616569,school,school_unnamed,OSM
Cotonou,6.3779661,2.3846776,hospital,Centre de Santé de la Police Nationale,OSM
Cotonou,6.3900858,2.3656856,hospital,hospital_unnamed,OSM
Cotonou,6.3664812,2.3869562,school,school_unnamed,OSM
Cotonou,6.3510501,2.3719431,school,school_unnamed,OSM
Cotonou,6.3643496,2.4148864,school,Complexe scolaire catholique saint Jean-Baptiste,OSM
Cotonou,6.3662872,2.4149894,school,Groupe Scolaire Saint Jean-Baptiste,OSM
Cotonou,6.3772631,2.4602904,school,Complexe scolaire la Référence SENA,OSM
Cotonou,6.3876979,2.4450924,school,Complexe Scolaire Bouba,OSM
Cotonou,6.3881319,2.4637491,school,Complexe scolaire privé le Génie,OSM
Cotonou,6.3680154,2.3596942,school,Complexe scolaire Victoria,OSM
Cotonou,6.3753213,2.4578802,school,Complexe scolaire les Moineaux,OSM
Cotonou,6.3591419,2.3597706,school,Complexe scolaire privé le Libérateur,OSM
Cotonou,6.3694427,2.3654272,school,École primaire privée Unité d'Agla,OSM
